Date,Name,Retail Price,Used Price
3/1/2023,GeForce GTX 1050,192,61
3/1/2024,GeForce GTX 1050,254,52
4/1/2023,GeForce GTX 1050,181,55
4/1/2024,GeForce GTX 1050,254,52
5/1/2023,GeForce GTX 1050,162,62
5/1/2024,GeForce GTX 1050,254,52
6/1/2023,GeForce GTX 1050,176,54
6/1/2024,GeForce GTX 1050,254,52
7/1/2023,GeForce GTX 1050,190,52
7/1/2024,GeForce GTX 1050,254,52
8/1/2023,GeForce GTX 1050,179,51
8/1/2024,GeForce GTX 1050,254,52
9/1/2023,GeForce GTX 1050,174,52
9/1/2024,GeForce GTX 1050,254,52
10/1/2023,GeForce GTX 1050,254,52
10/1/2024,GeForce GTX 1050,254,52
11/1/2024,GeForce GTX 1050,254,52
12/1/2024,GeForce GTX 1050,254,52
3/1/2023,GeForce GTX 1050 Ti,198,80
3/1/2024,GeForce GTX 1050 Ti,190,65
4/1/2023,GeForce GTX 1050 Ti,195,75
4/1/2024,GeForce GTX 1050 Ti,190,65
5/1/2023,GeForce GTX 1050 Ti,201,78
5/1/2024,GeForce GTX 1050 Ti,190,65
6/1/2023,GeForce GTX 1050 Ti,199,67
6/1/2024,GeForce GTX 1050 Ti,190,65
7/1/2023,GeForce GTX 1050 Ti,195,62
7/1/2024,GeForce GTX 1050 Ti,190,65
8/1/2023,GeForce GTX 1050 Ti,172,61
8/1/2024,GeForce GTX 1050 Ti,190,65
9/1/2023,GeForce GTX 1050 Ti,186,57
9/1/2024,GeForce GTX 1050 Ti,190,65
10/1/2023,GeForce GTX 1050 Ti,183,62
10/1/2024,GeForce GTX 1050 Ti,190,65
11/1/2024,GeForce GTX 1050 Ti,190,65
12/1/2024,GeForce GTX 1050 Ti,190,65
1/1/2023,GeForce GTX 1060,277,91
1/1/2024,GeForce GTX 1060,0,73
2/1/2023,GeForce GTX 1060,254,83
2/1/2024,GeForce GTX 1060,0,75
3/1/2023,GeForce GTX 1060,239,79
3/1/2024,GeForce GTX 1060,0,71
4/1/2023,GeForce GTX 1060,384,72
4/1/2024,GeForce GTX 1060,0,70
5/1/2023,GeForce GTX 1060,282,74
5/1/2024,GeForce GTX 1060,0,68
6/1/2023,GeForce GTX 1060,195,66
6/1/2024,GeForce GTX 1060,0,66
7/1/2023,GeForce GTX 1060,323,66
7/1/2024,GeForce GTX 1060,0,64
8/1/2023,GeForce GTX 1060,359,62
8/1/2024,GeForce GTX 1060,339,63
9/1/2023,GeForce GTX 1060,284,52
9/1/2024,GeForce GTX 1060,339,54
10/1/2023,GeForce GTX 1060,184,61
10/1/2024,GeForce GTX 1060,0,50
11/1/2022,GeForce GTX 1060,259,197
11/1/2023,GeForce GTX 1060,0,65
11/1/2024,GeForce GTX 1060,339,59
12/1/2022,GeForce GTX 1060,259,107
12/1/2023,GeForce GTX 1060,0,68
12/1/2024,GeForce GTX 1060,339,60
1/1/2023,GeForce GTX 1650,134,87
1/1/2024,GeForce GTX 1650,164,89
2/1/2023,GeForce GTX 1650,144,77
2/1/2024,GeForce GTX 1650,159,93
3/1/2023,GeForce GTX 1650,144,66
3/1/2024,GeForce GTX 1650,155,88
4/1/2023,GeForce GTX 1650,140,79
4/1/2024,GeForce GTX 1650,149,87
5/1/2023,GeForce GTX 1650,146,96
5/1/2024,GeForce GTX 1650,149,84
6/1/2023,GeForce GTX 1650,140,85
6/1/2024,GeForce GTX 1650,146,74
7/1/2023,GeForce GTX 1650,141,81
7/1/2024,GeForce GTX 1650,147,79
8/1/2023,GeForce GTX 1650,148,76
8/1/2024,GeForce GTX 1650,149,72
9/1/2023,GeForce GTX 1650,162,76
9/1/2024,GeForce GTX 1650,146,66
10/1/2023,GeForce GTX 1650,137,77
10/1/2024,GeForce GTX 1650,135,65
11/1/2022,GeForce GTX 1650,139,198
11/1/2023,GeForce GTX 1650,143,81
11/1/2024,GeForce GTX 1650,149,50
12/1/2022,GeForce GTX 1650,132,105
12/1/2023,GeForce GTX 1650,165,88
12/1/2024,GeForce GTX 1650,170,63
1/1/2023,GeForce GTX 1660 SUPER,273,125
1/1/2024,GeForce GTX 1660 SUPER,222,121
2/1/2023,GeForce GTX 1660 SUPER,263,116
2/1/2024,GeForce GTX 1660 SUPER,229,114
3/1/2023,GeForce GTX 1660 SUPER,256,118
3/1/2024,GeForce GTX 1660 SUPER,225,110
4/1/2023,GeForce GTX 1660 SUPER,215,111
4/1/2024,GeForce GTX 1660 SUPER,220,100
5/1/2023,GeForce GTX 1660 SUPER,176,110
5/1/2024,GeForce GTX 1660 SUPER,208,97
6/1/2023,GeForce GTX 1660 SUPER,164,96
6/1/2024,GeForce GTX 1660 SUPER,224,95
7/1/2023,GeForce GTX 1660 SUPER,167,91
7/1/2024,GeForce GTX 1660 SUPER,234,95
8/1/2023,GeForce GTX 1660 SUPER,165,99
8/1/2024,GeForce GTX 1660 SUPER,252,93
9/1/2023,GeForce GTX 1660 SUPER,168,74
9/1/2024,GeForce GTX 1660 SUPER,264,88
10/1/2023,GeForce GTX 1660 SUPER,196,91
10/1/2024,GeForce GTX 1660 SUPER,255,86
11/1/2022,GeForce GTX 1660 SUPER,195,203
11/1/2023,GeForce GTX 1660 SUPER,194,90
11/1/2024,GeForce GTX 1660 SUPER,270,87
12/1/2022,GeForce GTX 1660 SUPER,290,135
12/1/2023,GeForce GTX 1660 SUPER,221,107
12/1/2024,GeForce GTX 1660 SUPER,237,90
1/1/2023,GeForce GTX 1660 Ti,323,142
1/1/2024,GeForce GTX 1660 Ti,367,125
2/1/2023,GeForce GTX 1660 Ti,261,126
2/1/2024,GeForce GTX 1660 Ti,331,118
3/1/2023,GeForce GTX 1660 Ti,240,131
3/1/2024,GeForce GTX 1660 Ti,327,127
4/1/2023,GeForce GTX 1660 Ti,274,128
4/1/2024,GeForce GTX 1660 Ti,328,119
5/1/2023,GeForce GTX 1660 Ti,184,133
5/1/2024,GeForce GTX 1660 Ti,353,112
6/1/2023,GeForce GTX 1660 Ti,210,115
6/1/2024,GeForce GTX 1660 Ti,361,112
7/1/2023,GeForce GTX 1660 Ti,244,106
7/1/2024,GeForce GTX 1660 Ti,343,102
8/1/2023,GeForce GTX 1660 Ti,216,101
8/1/2024,GeForce GTX 1660 Ti,307,103
9/1/2023,GeForce GTX 1660 Ti,176,100
9/1/2024,GeForce GTX 1660 Ti,307,102
10/1/2023,GeForce GTX 1660 Ti,299,100
10/1/2024,GeForce GTX 1660 Ti,307,109
11/1/2022,GeForce GTX 1660 Ti,259,207
11/1/2023,GeForce GTX 1660 Ti,348,102
11/1/2024,GeForce GTX 1660 Ti,307,94
12/1/2022,GeForce GTX 1660 Ti,431,148
12/1/2023,GeForce GTX 1660 Ti,528,109
12/1/2024,GeForce GTX 1660 Ti,307,99
1/1/2023,GeForce RTX 2060,385,162
1/1/2024,GeForce RTX 2060,316,145
2/1/2023,GeForce RTX 2060,321,173
2/1/2024,GeForce RTX 2060,285,154
3/1/2023,GeForce RTX 2060,287,170
3/1/2024,GeForce RTX 2060,269,148
4/1/2023,GeForce RTX 2060,318,158
4/1/2024,GeForce RTX 2060,323,151
5/1/2023,GeForce RTX 2060,278,153
5/1/2024,GeForce RTX 2060,331,141
6/1/2023,GeForce RTX 2060,256,136
6/1/2024,GeForce RTX 2060,323,136
7/1/2023,GeForce RTX 2060,248,135
7/1/2024,GeForce RTX 2060,411,129
8/1/2023,GeForce RTX 2060,279,130
8/1/2024,GeForce RTX 2060,453,124
9/1/2023,GeForce RTX 2060,276,130
9/1/2024,GeForce RTX 2060,410,113
10/1/2023,GeForce RTX 2060,211,130
10/1/2024,GeForce RTX 2060,403,122
11/1/2022,GeForce RTX 2060,329,199
11/1/2023,GeForce RTX 2060,198,137
11/1/2024,GeForce RTX 2060,385,129
12/1/2022,GeForce RTX 2060,379,184
12/1/2023,GeForce RTX 2060,306,144
12/1/2024,GeForce RTX 2060,342,140
1/1/2023,GeForce RTX 2080 Ti,1521,366
1/1/2024,GeForce RTX 2080 Ti,0,308
2/1/2023,GeForce RTX 2080 Ti,999,356
2/1/2024,GeForce RTX 2080 Ti,0,296
3/1/2023,GeForce RTX 2080 Ti,0,350
3/1/2024,GeForce RTX 2080 Ti,0,291
4/1/2023,GeForce RTX 2080 Ti,999,350
4/1/2024,GeForce RTX 2080 Ti,0,283
5/1/2023,GeForce RTX 2080 Ti,728,345
5/1/2024,GeForce RTX 2080 Ti,0,246
6/1/2023,GeForce RTX 2080 Ti,1455,332
6/1/2024,GeForce RTX 2080 Ti,0,265
7/1/2023,GeForce RTX 2080 Ti,1411,326
7/1/2024,GeForce RTX 2080 Ti,1299,259
8/1/2023,GeForce RTX 2080 Ti,1241,320
8/1/2024,GeForce RTX 2080 Ti,1299,250
9/1/2023,GeForce RTX 2080 Ti,1310,305
9/1/2024,GeForce RTX 2080 Ti,1299,252
10/1/2023,GeForce RTX 2080 Ti,1375,287
10/1/2024,GeForce RTX 2080 Ti,1299,234
11/1/2022,GeForce RTX 2080 Ti,799,418
11/1/2023,GeForce RTX 2080 Ti,1400,288
11/1/2024,GeForce RTX 2080 Ti,1296,241
12/1/2022,GeForce RTX 2080 Ti,1859,387
12/1/2023,GeForce RTX 2080 Ti,0,305
12/1/2024,GeForce RTX 2080 Ti,1295,222
1/1/2023,GeForce RTX 3050,302,237
1/1/2024,GeForce RTX 3050,217,180
2/1/2023,GeForce RTX 3050,300,232
2/1/2024,GeForce RTX 3050,220,179
3/1/2023,GeForce RTX 3050,285,229
3/1/2024,GeForce RTX 3050,240,173
4/1/2023,GeForce RTX 3050,280,206
4/1/2024,GeForce RTX 3050,210,172
5/1/2023,GeForce RTX 3050,265,202
5/1/2024,GeForce RTX 3050,203,158
6/1/2023,GeForce RTX 3050,220,181
6/1/2024,GeForce RTX 3050,203,152
7/1/2023,GeForce RTX 3050,225,181
7/1/2024,GeForce RTX 3050,188,153
8/1/2023,GeForce RTX 3050,228,184
8/1/2024,GeForce RTX 3050,198,146
9/1/2023,GeForce RTX 3050,221,178
9/1/2024,GeForce RTX 3050,211,149
10/1/2023,GeForce RTX 3050,216,161
10/1/2024,GeForce RTX 3050,210,145
11/1/2022,GeForce RTX 3050,309,255
11/1/2023,GeForce RTX 3050,216,167
11/1/2024,GeForce RTX 3050,218,144
12/1/2022,GeForce RTX 3050,295,245
12/1/2023,GeForce RTX 3050,212,180
12/1/2024,GeForce RTX 3050,212,150
1/1/2023,GeForce RTX 3060,362,259
1/1/2024,GeForce RTX 3060,284,226
2/1/2023,GeForce RTX 3060,333,260
2/1/2024,GeForce RTX 3060,288,231
3/1/2023,GeForce RTX 3060,348,272
3/1/2024,GeForce RTX 3060,293,234
4/1/2023,GeForce RTX 3060,344,253
4/1/2024,GeForce RTX 3060,288,225
5/1/2023,GeForce RTX 3060,314,244
5/1/2024,GeForce RTX 3060,289,215
6/1/2023,GeForce RTX 3060,280,221
6/1/2024,GeForce RTX 3060,282,212
7/1/2023,GeForce RTX 3060,276,213
7/1/2024,GeForce RTX 3060,276,202
8/1/2023,GeForce RTX 3060,270,208
8/1/2024,GeForce RTX 3060,280,207
9/1/2023,GeForce RTX 3060,278,209
9/1/2024,GeForce RTX 3060,279,198
10/1/2023,GeForce RTX 3060,280,203
10/1/2024,GeForce RTX 3060,281,198
11/1/2022,GeForce RTX 3060,367,255
11/1/2023,GeForce RTX 3060,279,212
11/1/2024,GeForce RTX 3060,280,202
12/1/2022,GeForce RTX 3060,362,264
12/1/2023,GeForce RTX 3060,287,224
12/1/2024,GeForce RTX 3060,280,210
1/1/2023,GeForce RTX 3060 Ti,495,302
1/1/2024,GeForce RTX 3060 Ti,360,265
2/1/2023,GeForce RTX 3060 Ti,502,298
2/1/2024,GeForce RTX 3060 Ti,415,252
3/1/2023,GeForce RTX 3060 Ti,439,291
3/1/2024,GeForce RTX 3060 Ti,443,253
4/1/2023,GeForce RTX 3060 Ti,428,282
4/1/2024,GeForce RTX 3060 Ti,356,243
5/1/2023,GeForce RTX 3060 Ti,391,264
5/1/2024,GeForce RTX 3060 Ti,361,223
6/1/2023,GeForce RTX 3060 Ti,331,245
6/1/2024,GeForce RTX 3060 Ti,441,234
7/1/2023,GeForce RTX 3060 Ti,325,235
7/1/2024,GeForce RTX 3060 Ti,458,217
8/1/2023,GeForce RTX 3060 Ti,323,225
8/1/2024,GeForce RTX 3060 Ti,412,217
9/1/2023,GeForce RTX 3060 Ti,329,222
9/1/2024,GeForce RTX 3060 Ti,428,216
10/1/2023,GeForce RTX 3060 Ti,329,214
10/1/2024,GeForce RTX 3060 Ti,418,217
11/1/2022,GeForce RTX 3060 Ti,439,287
11/1/2023,GeForce RTX 3060 Ti,367,225
11/1/2024,GeForce RTX 3060 Ti,492,224
12/1/2022,GeForce RTX 3060 Ti,514,296
12/1/2023,GeForce RTX 3060 Ti,400,243
12/1/2024,GeForce RTX 3060 Ti,549,151
1/1/2023,GeForce RTX 3070,601,353
1/1/2024,GeForce RTX 3070,457,302
2/1/2023,GeForce RTX 3070,588,351
2/1/2024,GeForce RTX 3070,485,284
3/1/2023,GeForce RTX 3070,557,347
3/1/2024,GeForce RTX 3070,449,293
4/1/2023,GeForce RTX 3070,557,324
4/1/2024,GeForce RTX 3070,430,277
5/1/2023,GeForce RTX 3070,492,295
5/1/2024,GeForce RTX 3070,446,259
6/1/2023,GeForce RTX 3070,447,267
6/1/2024,GeForce RTX 3070,436,257
7/1/2023,GeForce RTX 3070,454,268
7/1/2024,GeForce RTX 3070,426,246
8/1/2023,GeForce RTX 3070,453,267
8/1/2024,GeForce RTX 3070,424,243
9/1/2023,GeForce RTX 3070,456,263
9/1/2024,GeForce RTX 3070,434,228
10/1/2023,GeForce RTX 3070,505,255
10/1/2024,GeForce RTX 3070,505,249
11/1/2022,GeForce RTX 3070,569,344
11/1/2023,GeForce RTX 3070,434,251
11/1/2024,GeForce RTX 3070,542,254
12/1/2022,GeForce RTX 3070,581,349
12/1/2023,GeForce RTX 3070,446,274
12/1/2024,GeForce RTX 3070,598,271
1/1/2023,GeForce RTX 3070 Ti,688,459
1/1/2024,GeForce RTX 3070 Ti,497,327
2/1/2023,GeForce RTX 3070 Ti,665,433
2/1/2024,GeForce RTX 3070 Ti,493,340
3/1/2023,GeForce RTX 3070 Ti,661,409
3/1/2024,GeForce RTX 3070 Ti,461,335
4/1/2023,GeForce RTX 3070 Ti,597,391
4/1/2024,GeForce RTX 3070 Ti,532,329
5/1/2023,GeForce RTX 3070 Ti,537,363
5/1/2024,GeForce RTX 3070 Ti,505,310
6/1/2023,GeForce RTX 3070 Ti,504,339
6/1/2024,GeForce RTX 3070 Ti,512,304
7/1/2023,GeForce RTX 3070 Ti,487,336
7/1/2024,GeForce RTX 3070 Ti,514,298
8/1/2023,GeForce RTX 3070 Ti,501,325
8/1/2024,GeForce RTX 3070 Ti,633,286
9/1/2023,GeForce RTX 3070 Ti,527,329
9/1/2024,GeForce RTX 3070 Ti,606,304
10/1/2023,GeForce RTX 3070 Ti,504,329
10/1/2024,GeForce RTX 3070 Ti,651,312
11/1/2022,GeForce RTX 3070 Ti,679,462
11/1/2023,GeForce RTX 3070 Ti,506,321
11/1/2024,GeForce RTX 3070 Ti,699,316
12/1/2022,GeForce RTX 3070 Ti,718,468
12/1/2023,GeForce RTX 3070 Ti,494,335
12/1/2024,GeForce RTX 3070 Ti,890,331
1/1/2023,GeForce RTX 3080,939,513
1/1/2024,GeForce RTX 3080,679,423
2/1/2023,GeForce RTX 3080,926,495
2/1/2024,GeForce RTX 3080,663,404
3/1/2023,GeForce RTX 3080,881,466
3/1/2024,GeForce RTX 3080,575,404
4/1/2023,GeForce RTX 3080,896,438
4/1/2024,GeForce RTX 3080,509,387
5/1/2023,GeForce RTX 3080,875,411
5/1/2024,GeForce RTX 3080,525,355
6/1/2023,GeForce RTX 3080,869,397
6/1/2024,GeForce RTX 3080,718,363
7/1/2023,GeForce RTX 3080,884,390
7/1/2024,GeForce RTX 3080,1003,357
8/1/2023,GeForce RTX 3080,822,379
8/1/2024,GeForce RTX 3080,865,357
9/1/2023,GeForce RTX 3080,616,386
9/1/2024,GeForce RTX 3080,708,356
10/1/2023,GeForce RTX 3080,669,382
10/1/2024,GeForce RTX 3080,767,335
11/1/2022,GeForce RTX 3080,790,546
11/1/2023,GeForce RTX 3080,703,367
11/1/2024,GeForce RTX 3080,763,367
12/1/2022,GeForce RTX 3080,903,535
12/1/2023,GeForce RTX 3080,679,372
12/1/2024,GeForce RTX 3080,822,341
1/1/2023,GeForce RTX 3080 Ti,1217,701
1/1/2024,GeForce RTX 3080 Ti,1443,567
2/1/2023,GeForce RTX 3080 Ti,1190,650
2/1/2024,GeForce RTX 3080 Ti,1392,535
3/1/2023,GeForce RTX 3080 Ti,1169,603
3/1/2024,GeForce RTX 3080 Ti,1474,532
4/1/2023,GeForce RTX 3080 Ti,1235,589
4/1/2024,GeForce RTX 3080 Ti,1323,522
5/1/2023,GeForce RTX 3080 Ti,983,575
5/1/2024,GeForce RTX 3080 Ti,1197,494
6/1/2023,GeForce RTX 3080 Ti,1038,562
6/1/2024,GeForce RTX 3080 Ti,1196,473
7/1/2023,GeForce RTX 3080 Ti,989,560
7/1/2024,GeForce RTX 3080 Ti,1148,466
8/1/2023,GeForce RTX 3080 Ti,894,514
8/1/2024,GeForce RTX 3080 Ti,1137,463
9/1/2023,GeForce RTX 3080 Ti,930,535
9/1/2024,GeForce RTX 3080 Ti,1090,477
10/1/2023,GeForce RTX 3080 Ti,850,493
10/1/2024,GeForce RTX 3080 Ti,1131,462
11/1/2022,GeForce RTX 3080 Ti,1149,818
11/1/2023,GeForce RTX 3080 Ti,880,517
11/1/2024,GeForce RTX 3080 Ti,1023,448
12/1/2022,GeForce RTX 3080 Ti,1159,758
12/1/2023,GeForce RTX 3080 Ti,894,545
12/1/2024,GeForce RTX 3080 Ti,1093,423
1/1/2023,GeForce RTX 3090,1430,737
1/1/2024,GeForce RTX 3090,1812,776
2/1/2023,GeForce RTX 3090,1223,684
2/1/2024,GeForce RTX 3090,1982,760
3/1/2023,GeForce RTX 3090,1345,678
3/1/2024,GeForce RTX 3090,2100,752
4/1/2023,GeForce RTX 3090,1056,673
4/1/2024,GeForce RTX 3090,1829,765
5/1/2023,GeForce RTX 3090,928,681
5/1/2024,GeForce RTX 3090,1669,719
6/1/2023,GeForce RTX 3090,1025,663
6/1/2024,GeForce RTX 3090,1855,680
7/1/2023,GeForce RTX 3090,1077,682
7/1/2024,GeForce RTX 3090,1840,638
8/1/2023,GeForce RTX 3090,954,675
8/1/2024,GeForce RTX 3090,1978,645
9/1/2023,GeForce RTX 3090,1323,610
9/1/2024,GeForce RTX 3090,1848,670
10/1/2023,GeForce RTX 3090,1511,606
10/1/2024,GeForce RTX 3090,2026,698
11/1/2022,GeForce RTX 3090,1489,768
11/1/2023,GeForce RTX 3090,1862,664
11/1/2024,GeForce RTX 3090,0,664
12/1/2022,GeForce RTX 3090,1490,797
12/1/2023,GeForce RTX 3090,1854,693
12/1/2024,GeForce RTX 3090,2070,493
1/1/2024,GeForce RTX 4060,294,299
2/1/2024,GeForce RTX 4060,294,278
3/1/2024,GeForce RTX 4060,293,290
4/1/2024,GeForce RTX 4060,295,290
5/1/2024,GeForce RTX 4060,295,281
6/1/2023,GeForce RTX 4060,299,0
6/1/2024,GeForce RTX 4060,293,277
7/1/2023,GeForce RTX 4060,297,0
7/1/2024,GeForce RTX 4060,293,271
8/1/2023,GeForce RTX 4060,291,0
8/1/2024,GeForce RTX 4060,285,263
9/1/2023,GeForce RTX 4060,298,585
9/1/2024,GeForce RTX 4060,292,259
10/1/2023,GeForce RTX 4060,293,338
10/1/2024,GeForce RTX 4060,295,262
11/1/2023,GeForce RTX 4060,291,285
11/1/2024,GeForce RTX 4060,291,273
12/1/2023,GeForce RTX 4060,298,311
12/1/2024,GeForce RTX 4060,295,258
1/1/2024,GeForce RTX 4060 Ti,385,392
2/1/2024,GeForce RTX 4060 Ti,376,365
3/1/2024,GeForce RTX 4060 Ti,382,376
4/1/2024,GeForce RTX 4060 Ti,381,357
5/1/2024,GeForce RTX 4060 Ti,384,330
6/1/2023,GeForce RTX 4060 Ti,385,0
6/1/2024,GeForce RTX 4060 Ti,373,321
7/1/2023,GeForce RTX 4060 Ti,383,0
7/1/2024,GeForce RTX 4060 Ti,369,322
8/1/2023,GeForce RTX 4060 Ti,376,0
8/1/2024,GeForce RTX 4060 Ti,377,311
9/1/2023,GeForce RTX 4060 Ti,382,394
9/1/2024,GeForce RTX 4060 Ti,380,316
10/1/2023,GeForce RTX 4060 Ti,371,371
10/1/2024,GeForce RTX 4060 Ti,389,320
11/1/2023,GeForce RTX 4060 Ti,370,349
11/1/2024,GeForce RTX 4060 Ti,391,300
12/1/2023,GeForce RTX 4060 Ti,381,387
12/1/2024,GeForce RTX 4060 Ti,396,293
1/1/2024,GeForce RTX 4070,549,516
2/1/2024,GeForce RTX 4070,532,493
3/1/2024,GeForce RTX 4070,532,489
4/1/2023,GeForce RTX 4070,628,0
4/1/2024,GeForce RTX 4070,541,494
5/1/2023,GeForce RTX 4070,599,612
5/1/2024,GeForce RTX 4070,553,481
6/1/2023,GeForce RTX 4070,599,730
6/1/2024,GeForce RTX 4070,549,466
7/1/2023,GeForce RTX 4070,596,666
7/1/2024,GeForce RTX 4070,548,470
8/1/2023,GeForce RTX 4070,596,571
8/1/2024,GeForce RTX 4070,540,452
9/1/2023,GeForce RTX 4070,572,484
9/1/2024,GeForce RTX 4070,542,467
10/1/2023,GeForce RTX 4070,550,531
10/1/2024,GeForce RTX 4070,548,424
11/1/2023,GeForce RTX 4070,540,533
11/1/2024,GeForce RTX 4070,525,434
12/1/2023,GeForce RTX 4070,546,544
12/1/2024,GeForce RTX 4070,539,369
1/1/2024,GeForce RTX 4070 SUPER,599,0
2/1/2024,GeForce RTX 4070 SUPER,595,0
3/1/2024,GeForce RTX 4070 SUPER,589,994
4/1/2024,GeForce RTX 4070 SUPER,590,598
5/1/2024,GeForce RTX 4070 SUPER,592,552
6/1/2024,GeForce RTX 4070 SUPER,584,569
7/1/2024,GeForce RTX 4070 SUPER,582,542
8/1/2024,GeForce RTX 4070 SUPER,581,545
9/1/2024,GeForce RTX 4070 SUPER,591,697
10/1/2024,GeForce RTX 4070 SUPER,595,571
11/1/2024,GeForce RTX 4070 SUPER,595,529
12/1/2024,GeForce RTX 4070 SUPER,599,613
1/1/2023,GeForce RTX 4070 Ti,816,0
1/1/2024,GeForce RTX 4070 Ti,757,695
2/1/2023,GeForce RTX 4070 Ti,821,789
2/1/2024,GeForce RTX 4070 Ti,743,654
3/1/2023,GeForce RTX 4070 Ti,825,810
3/1/2024,GeForce RTX 4070 Ti,713,636
4/1/2023,GeForce RTX 4070 Ti,829,737
4/1/2024,GeForce RTX 4070 Ti,740,618
5/1/2023,GeForce RTX 4070 Ti,802,732
5/1/2024,GeForce RTX 4070 Ti,768,595
6/1/2023,GeForce RTX 4070 Ti,797,740
6/1/2024,GeForce RTX 4070 Ti,769,582
7/1/2023,GeForce RTX 4070 Ti,787,750
7/1/2024,GeForce RTX 4070 Ti,762,582
8/1/2023,GeForce RTX 4070 Ti,790,726
8/1/2024,GeForce RTX 4070 Ti,757,592
9/1/2023,GeForce RTX 4070 Ti,794,736
9/1/2024,GeForce RTX 4070 Ti,738,604
10/1/2023,GeForce RTX 4070 Ti,771,681
10/1/2024,GeForce RTX 4070 Ti,779,615
11/1/2023,GeForce RTX 4070 Ti,768,686
11/1/2024,GeForce RTX 4070 Ti,829,608
12/1/2023,GeForce RTX 4070 Ti,776,700
12/1/2024,GeForce RTX 4070 Ti,834,484
1/1/2024,GeForce RTX 4070 Ti SUPER,782,0
2/1/2024,GeForce RTX 4070 Ti SUPER,799,0
3/1/2024,GeForce RTX 4070 Ti SUPER,807,749
4/1/2024,GeForce RTX 4070 Ti SUPER,796,751
5/1/2024,GeForce RTX 4070 Ti SUPER,791,749
6/1/2024,GeForce RTX 4070 Ti SUPER,788,777
7/1/2024,GeForce RTX 4070 Ti SUPER,782,918
8/1/2024,GeForce RTX 4070 Ti SUPER,795,857
9/1/2024,GeForce RTX 4070 Ti SUPER,795,822
10/1/2024,GeForce RTX 4070 Ti SUPER,799,782
11/1/2024,GeForce RTX 4070 Ti SUPER,784,765
12/1/2024,GeForce RTX 4070 Ti SUPER,802,877
3/1/2024,GeForce RTX 4080 SUPER,1076,1095
4/1/2024,GeForce RTX 4080 SUPER,1036,1039
5/1/2024,GeForce RTX 4080 SUPER,993,1119
6/1/2024,GeForce RTX 4080 SUPER,971,952
7/1/2024,GeForce RTX 4080 SUPER,962,906
8/1/2024,GeForce RTX 4080 SUPER,958,911
9/1/2024,GeForce RTX 4080 SUPER,964,967
10/1/2024,GeForce RTX 4080 SUPER,996,968
11/1/2024,GeForce RTX 4080 SUPER,995,960
12/1/2024,GeForce RTX 4080 SUPER,1264,1267
1/1/2023,GeForce RTX 4090,1998,1921
1/1/2024,GeForce RTX 4090,1969,1812
2/1/2023,GeForce RTX 4090,1684,1687
2/1/2024,GeForce RTX 4090,1889,1720
3/1/2023,GeForce RTX 4090,1662,1615
3/1/2024,GeForce RTX 4090,1897,1706
4/1/2023,GeForce RTX 4090,1633,1506
4/1/2024,GeForce RTX 4090,1814,1584
5/1/2023,GeForce RTX 4090,1601,1456
5/1/2024,GeForce RTX 4090,1748,1487
6/1/2023,GeForce RTX 4090,1598,1439
6/1/2024,GeForce RTX 4090,1737,1460
7/1/2023,GeForce RTX 4090,1596,1411
7/1/2024,GeForce RTX 4090,1717,1409
8/1/2023,GeForce RTX 4090,1609,1475
8/1/2024,GeForce RTX 4090,1712,1406
9/1/2023,GeForce RTX 4090,1668,1541
9/1/2024,GeForce RTX 4090,1783,1596
10/1/2023,GeForce RTX 4090,1678,1357
10/1/2024,GeForce RTX 4090,1934,1631
11/1/2023,GeForce RTX 4090,1927,1791
11/1/2024,GeForce RTX 4090,2053,1681
12/1/2022,GeForce RTX 4090,2079,2119
12/1/2023,GeForce RTX 4090,2049,1820
12/1/2024,GeForce RTX 4090,2229,794
3/1/2023,Radeon R7 360,0,41
3/1/2024,Radeon R7 360,146,55
4/1/2023,Radeon R7 360,0,46
4/1/2024,Radeon R7 360,146,55
5/1/2023,Radeon R7 360,0,52
5/1/2024,Radeon R7 360,146,55
6/1/2023,Radeon R7 360,146,50
6/1/2024,Radeon R7 360,146,55
7/1/2023,Radeon R7 360,0,55
7/1/2024,Radeon R7 360,146,55
8/1/2023,Radeon R7 360,0,55
8/1/2024,Radeon R7 360,146,55
9/1/2023,Radeon R7 360,0,52
9/1/2024,Radeon R7 360,146,55
10/1/2023,Radeon R7 360,146,55
10/1/2024,Radeon R7 360,146,55
11/1/2024,Radeon R7 360,146,55
12/1/2024,Radeon R7 360,146,55
3/1/2023,Radeon R9 370,0,151
3/1/2024,Radeon R9 370,227,110
4/1/2023,Radeon R9 370,149,60
4/1/2024,Radeon R9 370,227,110
5/1/2023,Radeon R9 370,149,65
5/1/2024,Radeon R9 370,227,110
6/1/2023,Radeon R9 370,225,60
6/1/2024,Radeon R9 370,227,110
7/1/2023,Radeon R9 370,228,60
7/1/2024,Radeon R9 370,227,110
8/1/2023,Radeon R9 370,227,60
8/1/2024,Radeon R9 370,227,110
9/1/2023,Radeon R9 370,228,60
9/1/2024,Radeon R9 370,227,110
10/1/2023,Radeon R9 370,229,95
10/1/2024,Radeon R9 370,227,110
11/1/2024,Radeon R9 370,227,110
12/1/2024,Radeon R9 370,227,110
3/1/2023,Radeon R9 380,0,52
3/1/2024,Radeon R9 380,239,50
4/1/2023,Radeon R9 380,459,49
4/1/2024,Radeon R9 380,239,50
5/1/2023,Radeon R9 380,459,61
5/1/2024,Radeon R9 380,239,50
6/1/2023,Radeon R9 380,238,51
6/1/2024,Radeon R9 380,239,50
7/1/2023,Radeon R9 380,293,51
7/1/2024,Radeon R9 380,239,50
8/1/2023,Radeon R9 380,241,50
8/1/2024,Radeon R9 380,239,50
9/1/2023,Radeon R9 380,242,50
9/1/2024,Radeon R9 380,239,50
10/1/2023,Radeon R9 380,239,50
10/1/2024,Radeon R9 380,239,50
11/1/2024,Radeon R9 380,239,50
12/1/2024,Radeon R9 380,239,50
3/1/2023,Radeon RX 460,0,65
3/1/2024,Radeon RX 460,217,59
4/1/2023,Radeon RX 460,329,60
4/1/2024,Radeon RX 460,217,59
5/1/2023,Radeon RX 460,329,73
5/1/2024,Radeon RX 460,217,59
6/1/2023,Radeon RX 460,218,59
6/1/2024,Radeon RX 460,217,59
7/1/2023,Radeon RX 460,223,59
7/1/2024,Radeon RX 460,217,59
8/1/2023,Radeon RX 460,217,59
8/1/2024,Radeon RX 460,217,59
9/1/2023,Radeon RX 460,219,58
9/1/2024,Radeon RX 460,217,59
10/1/2023,Radeon RX 460,217,59
10/1/2024,Radeon RX 460,217,59
11/1/2024,Radeon RX 460,217,59
12/1/2024,Radeon RX 460,217,59
3/1/2023,Radeon RX 550,113,56
3/1/2024,Radeon RX 550,75,50
4/1/2023,Radeon RX 550,101,50
4/1/2024,Radeon RX 550,75,50
5/1/2023,Radeon RX 550,94,49
5/1/2024,Radeon RX 550,75,50
6/1/2023,Radeon RX 550,90,51
6/1/2024,Radeon RX 550,75,50
7/1/2023,Radeon RX 550,89,50
7/1/2024,Radeon RX 550,75,50
8/1/2023,Radeon RX 550,87,50
8/1/2024,Radeon RX 550,75,50
9/1/2023,Radeon RX 550,83,50
9/1/2024,Radeon RX 550,75,50
10/1/2023,Radeon RX 550,81,50
10/1/2024,Radeon RX 550,75,50
11/1/2024,Radeon RX 550,75,50
12/1/2024,Radeon RX 550,75,50
3/1/2023,Radeon RX 560,170,68
3/1/2024,Radeon RX 560,216,50
4/1/2023,Radeon RX 560,152,60
4/1/2024,Radeon RX 560,216,50
5/1/2023,Radeon RX 560,144,68
5/1/2024,Radeon RX 560,216,50
6/1/2023,Radeon RX 560,112,63
6/1/2024,Radeon RX 560,216,50
7/1/2023,Radeon RX 560,113,56
7/1/2024,Radeon RX 560,216,50
8/1/2023,Radeon RX 560,115,52
8/1/2024,Radeon RX 560,216,50
9/1/2023,Radeon RX 560,121,51
9/1/2024,Radeon RX 560,216,50
10/1/2023,Radeon RX 560,157,50
10/1/2024,Radeon RX 560,216,50
11/1/2024,Radeon RX 560,216,50
12/1/2024,Radeon RX 560,216,50
1/1/2023,Radeon RX 580,119,75
1/1/2024,Radeon RX 580,129,61
2/1/2023,Radeon RX 580,121,71
2/1/2024,Radeon RX 580,132,63
3/1/2023,Radeon RX 580,109,60
3/1/2024,Radeon RX 580,139,64
4/1/2023,Radeon RX 580,99,60
4/1/2024,Radeon RX 580,130,63
5/1/2023,Radeon RX 580,95,70
5/1/2024,Radeon RX 580,131,59
6/1/2023,Radeon RX 580,92,57
6/1/2024,Radeon RX 580,129,63
7/1/2023,Radeon RX 580,93,52
7/1/2024,Radeon RX 580,129,58
8/1/2023,Radeon RX 580,90,55
8/1/2024,Radeon RX 580,136,58
9/1/2023,Radeon RX 580,89,55
9/1/2024,Radeon RX 580,131,62
10/1/2023,Radeon RX 580,126,54
10/1/2024,Radeon RX 580,129,56
11/1/2022,Radeon RX 580,159,193
11/1/2023,Radeon RX 580,125,55
11/1/2024,Radeon RX 580,127,58
12/1/2022,Radeon RX 580,134,89
12/1/2023,Radeon RX 580,0,60
12/1/2024,Radeon RX 580,134,56
1/1/2023,Radeon RX 6400,140,124
1/1/2024,Radeon RX 6400,159,113
2/1/2023,Radeon RX 6400,146,137
2/1/2024,Radeon RX 6400,157,124
3/1/2023,Radeon RX 6400,145,137
3/1/2024,Radeon RX 6400,156,125
4/1/2023,Radeon RX 6400,147,110
4/1/2024,Radeon RX 6400,151,112
5/1/2023,Radeon RX 6400,136,119
5/1/2024,Radeon RX 6400,153,101
6/1/2023,Radeon RX 6400,136,114
6/1/2024,Radeon RX 6400,152,118
7/1/2023,Radeon RX 6400,141,124
7/1/2024,Radeon RX 6400,154,109
8/1/2023,Radeon RX 6400,135,115
8/1/2024,Radeon RX 6400,156,102
9/1/2023,Radeon RX 6400,135,113
9/1/2024,Radeon RX 6400,146,110
10/1/2023,Radeon RX 6400,138,100
10/1/2024,Radeon RX 6400,139,102
11/1/2022,Radeon RX 6400,149,130
11/1/2023,Radeon RX 6400,159,110
11/1/2024,Radeon RX 6400,139,107
12/1/2022,Radeon RX 6400,142,130
12/1/2023,Radeon RX 6400,154,107
12/1/2024,Radeon RX 6400,144,138
1/1/2023,Radeon RX 6500 XT,173,124
1/1/2024,Radeon RX 6500 XT,142,90
2/1/2023,Radeon RX 6500 XT,172,115
2/1/2024,Radeon RX 6500 XT,145,90
3/1/2023,Radeon RX 6500 XT,169,118
3/1/2024,Radeon RX 6500 XT,139,91
4/1/2023,Radeon RX 6500 XT,164,108
4/1/2024,Radeon RX 6500 XT,161,89
5/1/2023,Radeon RX 6500 XT,156,126
5/1/2024,Radeon RX 6500 XT,177,79
6/1/2023,Radeon RX 6500 XT,150,107
6/1/2024,Radeon RX 6500 XT,173,85
7/1/2023,Radeon RX 6500 XT,177,93
7/1/2024,Radeon RX 6500 XT,197,83
8/1/2023,Radeon RX 6500 XT,185,88
8/1/2024,Radeon RX 6500 XT,183,83
9/1/2023,Radeon RX 6500 XT,163,88
9/1/2024,Radeon RX 6500 XT,197,78
10/1/2023,Radeon RX 6500 XT,174,83
10/1/2024,Radeon RX 6500 XT,175,77
11/1/2022,Radeon RX 6500 XT,174,136
11/1/2023,Radeon RX 6500 XT,169,89
11/1/2024,Radeon RX 6500 XT,168,78
12/1/2022,Radeon RX 6500 XT,164,131
12/1/2023,Radeon RX 6500 XT,169,92
12/1/2024,Radeon RX 6500 XT,163,80
1/1/2023,Radeon RX 6600,278,180
1/1/2024,Radeon RX 6600,204,165
2/1/2023,Radeon RX 6600,269,170
2/1/2024,Radeon RX 6600,193,168
3/1/2023,Radeon RX 6600,262,176
3/1/2024,Radeon RX 6600,195,167
4/1/2023,Radeon RX 6600,252,158
4/1/2024,Radeon RX 6600,199,165
5/1/2023,Radeon RX 6600,215,157
5/1/2024,Radeon RX 6600,199,159
6/1/2023,Radeon RX 6600,202,137
6/1/2024,Radeon RX 6600,197,148
7/1/2023,Radeon RX 6600,222,140
7/1/2024,Radeon RX 6600,201,148
8/1/2023,Radeon RX 6600,236,139
8/1/2024,Radeon RX 6600,200,145
9/1/2023,Radeon RX 6600,209,133
9/1/2024,Radeon RX 6600,199,155
10/1/2023,Radeon RX 6600,211,130
10/1/2024,Radeon RX 6600,199,143
11/1/2022,Radeon RX 6600,242,214
11/1/2023,Radeon RX 6600,194,137
11/1/2024,Radeon RX 6600,197,144
12/1/2022,Radeon RX 6600,263,178
12/1/2023,Radeon RX 6600,198,142
12/1/2024,Radeon RX 6600,198,163
1/1/2023,Radeon RX 6600 XT,346,205
1/1/2024,Radeon RX 6600 XT,493,187
2/1/2023,Radeon RX 6600 XT,321,203
2/1/2024,Radeon RX 6600 XT,546,185
3/1/2023,Radeon RX 6600 XT,311,205
3/1/2024,Radeon RX 6600 XT,449,185
4/1/2023,Radeon RX 6600 XT,295,194
4/1/2024,Radeon RX 6600 XT,440,180
5/1/2023,Radeon RX 6600 XT,268,191
5/1/2024,Radeon RX 6600 XT,447,171
6/1/2023,Radeon RX 6600 XT,260,178
6/1/2024,Radeon RX 6600 XT,443,163
7/1/2023,Radeon RX 6600 XT,279,170
7/1/2024,Radeon RX 6600 XT,373,161
8/1/2023,Radeon RX 6600 XT,311,165
8/1/2024,Radeon RX 6600 XT,482,154
9/1/2023,Radeon RX 6600 XT,286,159
9/1/2024,Radeon RX 6600 XT,499,148
10/1/2023,Radeon RX 6600 XT,405,163
10/1/2024,Radeon RX 6600 XT,499,150
11/1/2022,Radeon RX 6600 XT,347,266
11/1/2023,Radeon RX 6600 XT,383,163
11/1/2024,Radeon RX 6600 XT,499,144
12/1/2022,Radeon RX 6600 XT,352,207
12/1/2023,Radeon RX 6600 XT,536,174
12/1/2024,Radeon RX 6600 XT,499,169
1/1/2023,Radeon RX 6650 XT,313,271
1/1/2024,Radeon RX 6650 XT,251,226
2/1/2023,Radeon RX 6650 XT,302,299
2/1/2024,Radeon RX 6650 XT,234,219
3/1/2023,Radeon RX 6650 XT,299,284
3/1/2024,Radeon RX 6650 XT,242,219
4/1/2023,Radeon RX 6650 XT,300,246
4/1/2024,Radeon RX 6650 XT,232,205
5/1/2023,Radeon RX 6650 XT,272,249
5/1/2024,Radeon RX 6650 XT,224,200
6/1/2023,Radeon RX 6650 XT,246,258
6/1/2024,Radeon RX 6650 XT,227,214
7/1/2023,Radeon RX 6650 XT,254,246
7/1/2024,Radeon RX 6650 XT,222,197
8/1/2023,Radeon RX 6650 XT,250,242
8/1/2024,Radeon RX 6650 XT,209,198
9/1/2023,Radeon RX 6650 XT,255,224
9/1/2024,Radeon RX 6650 XT,228,190
10/1/2023,Radeon RX 6650 XT,232,194
10/1/2024,Radeon RX 6650 XT,217,192
11/1/2022,Radeon RX 6650 XT,299,299
11/1/2023,Radeon RX 6650 XT,227,199
11/1/2024,Radeon RX 6650 XT,209,192
12/1/2022,Radeon RX 6650 XT,304,375
12/1/2023,Radeon RX 6650 XT,246,227
12/1/2024,Radeon RX 6650 XT,228,199
1/1/2023,Radeon RX 6700 XT,405,296
1/1/2024,Radeon RX 6700 XT,381,279
2/1/2023,Radeon RX 6700 XT,385,293
2/1/2024,Radeon RX 6700 XT,679,282
3/1/2023,Radeon RX 6700 XT,373,283
3/1/2024,Radeon RX 6700 XT,702,274
4/1/2023,Radeon RX 6700 XT,376,277
4/1/2024,Radeon RX 6700 XT,577,263
5/1/2023,Radeon RX 6700 XT,361,263
5/1/2024,Radeon RX 6700 XT,715,251
6/1/2023,Radeon RX 6700 XT,354,264
6/1/2024,Radeon RX 6700 XT,703,238
7/1/2023,Radeon RX 6700 XT,437,259
7/1/2024,Radeon RX 6700 XT,771,224
8/1/2023,Radeon RX 6700 XT,400,258
8/1/2024,Radeon RX 6700 XT,783,212
9/1/2023,Radeon RX 6700 XT,340,253
9/1/2024,Radeon RX 6700 XT,713,238
10/1/2023,Radeon RX 6700 XT,318,237
10/1/2024,Radeon RX 6700 XT,758,235
11/1/2022,Radeon RX 6700 XT,379,290
11/1/2023,Radeon RX 6700 XT,311,237
11/1/2024,Radeon RX 6700 XT,765,237
12/1/2022,Radeon RX 6700 XT,372,292
12/1/2023,Radeon RX 6700 XT,323,265
12/1/2024,Radeon RX 6700 XT,771,245
1/1/2023,Radeon RX 6750 XT,453,436
1/1/2024,Radeon RX 6750 XT,372,328
2/1/2023,Radeon RX 6750 XT,441,466
2/1/2024,Radeon RX 6750 XT,372,313
3/1/2023,Radeon RX 6750 XT,431,427
3/1/2024,Radeon RX 6750 XT,342,310
4/1/2023,Radeon RX 6750 XT,428,496
4/1/2024,Radeon RX 6750 XT,334,303
5/1/2023,Radeon RX 6750 XT,405,369
5/1/2024,Radeon RX 6750 XT,307,284
6/1/2023,Radeon RX 6750 XT,368,395
6/1/2024,Radeon RX 6750 XT,301,281
7/1/2023,Radeon RX 6750 XT,363,363
7/1/2024,Radeon RX 6750 XT,314,300
8/1/2023,Radeon RX 6750 XT,466,340
8/1/2024,Radeon RX 6750 XT,312,314
9/1/2023,Radeon RX 6750 XT,359,318
9/1/2024,Radeon RX 6750 XT,298,278
10/1/2023,Radeon RX 6750 XT,354,301
10/1/2024,Radeon RX 6750 XT,327,289
11/1/2022,Radeon RX 6750 XT,518,448
11/1/2023,Radeon RX 6750 XT,341,317
11/1/2024,Radeon RX 6750 XT,300,286
12/1/2022,Radeon RX 6750 XT,469,448
12/1/2023,Radeon RX 6750 XT,341,334
12/1/2024,Radeon RX 6750 XT,341,291
1/1/2023,Radeon RX 6800,536,425
1/1/2024,Radeon RX 6800,427,350
2/1/2023,Radeon RX 6800,536,406
2/1/2024,Radeon RX 6800,412,346
3/1/2023,Radeon RX 6800,578,384
3/1/2024,Radeon RX 6800,407,348
4/1/2023,Radeon RX 6800,572,388
4/1/2024,Radeon RX 6800,408,344
5/1/2023,Radeon RX 6800,535,381
5/1/2024,Radeon RX 6800,366,325
6/1/2023,Radeon RX 6800,493,358
6/1/2024,Radeon RX 6800,365,313
7/1/2023,Radeon RX 6800,528,370
7/1/2024,Radeon RX 6800,374,305
8/1/2023,Radeon RX 6800,502,367
8/1/2024,Radeon RX 6800,382,313
9/1/2023,Radeon RX 6800,441,353
9/1/2024,Radeon RX 6800,380,308
10/1/2023,Radeon RX 6800,412,335
10/1/2024,Radeon RX 6800,375,307
11/1/2022,Radeon RX 6800,539,415
11/1/2023,Radeon RX 6800,455,320
11/1/2024,Radeon RX 6800,353,312
12/1/2022,Radeon RX 6800,539,429
12/1/2023,Radeon RX 6800,416,352
12/1/2024,Radeon RX 6800,393,326
1/1/2023,Radeon RX 6800 XT,866,527
1/1/2024,Radeon RX 6800 XT,556,409
2/1/2023,Radeon RX 6800 XT,705,480
2/1/2024,Radeon RX 6800 XT,753,408
3/1/2023,Radeon RX 6800 XT,659,471
3/1/2024,Radeon RX 6800 XT,954,410
4/1/2023,Radeon RX 6800 XT,597,467
4/1/2024,Radeon RX 6800 XT,764,405
5/1/2023,Radeon RX 6800 XT,529,448
5/1/2024,Radeon RX 6800 XT,666,376
6/1/2023,Radeon RX 6800 XT,527,434
6/1/2024,Radeon RX 6800 XT,0,362
7/1/2023,Radeon RX 6800 XT,574,441
7/1/2024,Radeon RX 6800 XT,818,360
8/1/2023,Radeon RX 6800 XT,517,431
8/1/2024,Radeon RX 6800 XT,698,371
9/1/2023,Radeon RX 6800 XT,524,417
9/1/2024,Radeon RX 6800 XT,964,351
10/1/2023,Radeon RX 6800 XT,500,396
10/1/2024,Radeon RX 6800 XT,777,360
11/1/2022,Radeon RX 6800 XT,814,489
11/1/2023,Radeon RX 6800 XT,481,379
11/1/2024,Radeon RX 6800 XT,661,375
12/1/2022,Radeon RX 6800 XT,1009,538
12/1/2023,Radeon RX 6800 XT,519,408
12/1/2024,Radeon RX 6800 XT,664,295
1/1/2023,Radeon RX 6900 XT,1003,634
1/1/2024,Radeon RX 6900 XT,1182,483
2/1/2023,Radeon RX 6900 XT,942,593
2/1/2024,Radeon RX 6900 XT,985,475
3/1/2023,Radeon RX 6900 XT,827,538
3/1/2024,Radeon RX 6900 XT,1315,467
4/1/2023,Radeon RX 6900 XT,848,548
4/1/2024,Radeon RX 6900 XT,1299,475
5/1/2023,Radeon RX 6900 XT,653,520
5/1/2024,Radeon RX 6900 XT,1183,428
6/1/2023,Radeon RX 6900 XT,772,513
6/1/2024,Radeon RX 6900 XT,1509,426
7/1/2023,Radeon RX 6900 XT,850,512
7/1/2024,Radeon RX 6900 XT,979,416
8/1/2023,Radeon RX 6900 XT,993,497
8/1/2024,Radeon RX 6900 XT,1014,408
9/1/2023,Radeon RX 6900 XT,751,509
9/1/2024,Radeon RX 6900 XT,1509,404
10/1/2023,Radeon RX 6900 XT,1126,489
10/1/2024,Radeon RX 6900 XT,1101,404
11/1/2022,Radeon RX 6900 XT,999,684
11/1/2023,Radeon RX 6900 XT,1038,459
11/1/2024,Radeon RX 6900 XT,1509,396
12/1/2022,Radeon RX 6900 XT,1107,669
12/1/2023,Radeon RX 6900 XT,935,473
12/1/2024,Radeon RX 6900 XT,1509,331
1/1/2024,Radeon RX 7600,267,279
2/1/2024,Radeon RX 7600,259,248
3/1/2024,Radeon RX 7600,263,350
4/1/2024,Radeon RX 7600,265,231
5/1/2024,Radeon RX 7600,257,230
6/1/2023,Radeon RX 7600,255,0
6/1/2024,Radeon RX 7600,246,217
7/1/2023,Radeon RX 7600,261,0
7/1/2024,Radeon RX 7600,250,217
8/1/2023,Radeon RX 7600,266,222
8/1/2024,Radeon RX 7600,254,214
9/1/2023,Radeon RX 7600,258,232
9/1/2024,Radeon RX 7600,249,195
10/1/2023,Radeon RX 7600,252,221
10/1/2024,Radeon RX 7600,247,192
11/1/2023,Radeon RX 7600,253,422
11/1/2024,Radeon RX 7600,249,206
12/1/2023,Radeon RX 7600,259,230
12/1/2024,Radeon RX 7600,257,214
3/1/2024,Radeon RX 7600 XT,326,327
4/1/2024,Radeon RX 7600 XT,329,436
5/1/2024,Radeon RX 7600 XT,320,533
6/1/2024,Radeon RX 7600 XT,305,360
7/1/2024,Radeon RX 7600 XT,311,360
8/1/2024,Radeon RX 7600 XT,314,339
9/1/2024,Radeon RX 7600 XT,312,286
10/1/2024,Radeon RX 7600 XT,313,294
11/1/2024,Radeon RX 7600 XT,306,275
12/1/2024,Radeon RX 7600 XT,317,250
1/1/2024,Radeon RX 7700 XT,440,370
2/1/2024,Radeon RX 7700 XT,446,399
3/1/2024,Radeon RX 7700 XT,411,399
4/1/2024,Radeon RX 7700 XT,399,378
5/1/2024,Radeon RX 7700 XT,396,420
6/1/2024,Radeon RX 7700 XT,399,347
7/1/2024,Radeon RX 7700 XT,388,462
8/1/2024,Radeon RX 7700 XT,388,364
9/1/2023,Radeon RX 7700 XT,449,0
9/1/2024,Radeon RX 7700 XT,371,381
10/1/2023,Radeon RX 7700 XT,441,0
10/1/2024,Radeon RX 7700 XT,378,444
11/1/2023,Radeon RX 7700 XT,436,0
11/1/2024,Radeon RX 7700 XT,385,433
12/1/2023,Radeon RX 7700 XT,432,375
12/1/2024,Radeon RX 7700 XT,402,448
1/1/2024,Radeon RX 7800 XT,508,490
2/1/2024,Radeon RX 7800 XT,494,493
3/1/2024,Radeon RX 7800 XT,496,544
4/1/2024,Radeon RX 7800 XT,504,489
5/1/2024,Radeon RX 7800 XT,495,441
6/1/2024,Radeon RX 7800 XT,485,451
7/1/2024,Radeon RX 7800 XT,493,436
8/1/2024,Radeon RX 7800 XT,482,438
9/1/2023,Radeon RX 7800 XT,530,0
9/1/2024,Radeon RX 7800 XT,481,469
10/1/2023,Radeon RX 7800 XT,513,513
10/1/2024,Radeon RX 7800 XT,484,425
11/1/2023,Radeon RX 7800 XT,501,483
11/1/2024,Radeon RX 7800 XT,470,477
12/1/2023,Radeon RX 7800 XT,521,0
12/1/2024,Radeon RX 7800 XT,481,525
3/1/2024,Radeon RX 7900 GRE,563,0
4/1/2024,Radeon RX 7900 GRE,549,649
5/1/2024,Radeon RX 7900 GRE,543,534
6/1/2024,Radeon RX 7900 GRE,536,501
7/1/2024,Radeon RX 7900 GRE,540,482
8/1/2024,Radeon RX 7900 GRE,539,549
9/1/2024,Radeon RX 7900 GRE,541,500
10/1/2024,Radeon RX 7900 GRE,542,513
11/1/2024,Radeon RX 7900 GRE,543,504
12/1/2024,Radeon RX 7900 GRE,549,614
1/1/2023,Radeon RX 7900 XT,947,885
1/1/2024,Radeon RX 7900 XT,765,718
2/1/2023,Radeon RX 7900 XT,927,1213
2/1/2024,Radeon RX 7900 XT,733,679
3/1/2023,Radeon RX 7900 XT,900,875
3/1/2024,Radeon RX 7900 XT,701,678
4/1/2023,Radeon RX 7900 XT,876,804
4/1/2024,Radeon RX 7900 XT,699,652
5/1/2023,Radeon RX 7900 XT,813,796
5/1/2024,Radeon RX 7900 XT,697,645
6/1/2023,Radeon RX 7900 XT,804,742
6/1/2024,Radeon RX 7900 XT,700,636
7/1/2023,Radeon RX 7900 XT,826,705
7/1/2024,Radeon RX 7900 XT,696,630
8/1/2023,Radeon RX 7900 XT,861,758
8/1/2024,Radeon RX 7900 XT,692,639
9/1/2023,Radeon RX 7900 XT,805,798
9/1/2024,Radeon RX 7900 XT,686,606
10/1/2023,Radeon RX 7900 XT,772,719
10/1/2024,Radeon RX 7900 XT,659,596
11/1/2023,Radeon RX 7900 XT,778,714
11/1/2024,Radeon RX 7900 XT,662,633
12/1/2023,Radeon RX 7900 XT,795,712
12/1/2024,Radeon RX 7900 XT,686,662
1/1/2023,Radeon RX 7900 XTX,1279,1273
1/1/2024,Radeon RX 7900 XTX,959,897
2/1/2023,Radeon RX 7900 XTX,1265,1109
2/1/2024,Radeon RX 7900 XTX,932,865
3/1/2023,Radeon RX 7900 XTX,1188,1030
3/1/2024,Radeon RX 7900 XTX,928,840
4/1/2023,Radeon RX 7900 XTX,1039,981
4/1/2024,Radeon RX 7900 XTX,919,818
5/1/2023,Radeon RX 7900 XTX,1012,919
5/1/2024,Radeon RX 7900 XTX,913,821
6/1/2023,Radeon RX 7900 XTX,1002,892
6/1/2024,Radeon RX 7900 XTX,911,789
7/1/2023,Radeon RX 7900 XTX,1025,880
7/1/2024,Radeon RX 7900 XTX,901,754
8/1/2023,Radeon RX 7900 XTX,1046,908
8/1/2024,Radeon RX 7900 XTX,917,756
9/1/2023,Radeon RX 7900 XTX,1003,890
9/1/2024,Radeon RX 7900 XTX,865,764
10/1/2023,Radeon RX 7900 XTX,931,863
10/1/2024,Radeon RX 7900 XTX,869,742
11/1/2023,Radeon RX 7900 XTX,946,939
11/1/2024,Radeon RX 7900 XTX,868,762
12/1/2023,Radeon RX 7900 XTX,961,936
12/1/2024,Radeon RX 7900 XTX,894,677
